{
  "project_info": {
    "project_number": "193247960045",
    "project_id": "ftp-share-1",
    "storage_bucket": "ftp-share-1.appspot.com"
  },
  "client": [
    {
      "client_info": {
        "mobilesdk_app_id": "1:193247960045:android:b1f1322531eafddc2125e4",
        "android_client_info": {
          "package_name": "com.aman.ftp"
        }
      },
      "oauth_client": [],
      "api_key": [
        {
          "current_key": "AIzaSyDFEgx-atbz_WQXJxByWv368DOiwl8PbeQ"
        }
      ],
      "services": {
        "appinvite_service": {
          "other_platform_oauth_client": []
        }
      }
    }
  ],
  "configuration_version": "1"
}